count,808.0
mean,18.0111386139
std,9.62937084345
min,2.0
25%,9.0
50%,18.0
75%,27.0
max,34.0
mode0,6.0
mode1,14.0
mode2,31.0
median,18.0
missing,192.0
