count,779.0
mean,2.98844672657
std,0.818249448564
min,2.0
25%,2.0
50%,3.0
75%,4.0
max,4.0
mode0,2.0
median,3.0
missing,221.0
